CREATE DATABASE training_sql_db;
USE training_sql_db;

CREATE TABLE books
(
 book_id INT PRIMARY KEY,
 book_title VARCHAR(100),
 category VARCHAR(50),
 author VARCHAR(50),
 price DECIMAL(10,2),
 stock INT,
 published_year INT
);

INSERT INTO books VALUES
(1, 'Python Basics', 'Programming', 'Ravi Kumar', 550, 30, 2021),
(2, 'Advanced SQL', 'Database', 'Priya Sharma', 750, 15, 2020),
(3, 'Data Engineering Guide', 'Data', 'Amit Verma', 1200, 10, 2023),
(4, 'Machine Learning Start', 'AI', 'Neha Reddy', 950, 8, 2022),
(5, 'Excel for Business', 'Business', 'Kiran Rao', 400, 50, 2019),
(6, 'Power BI Reports', 'Data', 'Sneha Patel', 850, 12, 2021),
(7, 'Java Fundamentals', 'Programming', 'Arjun Mehta', 600, 20, 2018),
(8, 'Cloud Basics', 'Cloud', 'Rahul Nair', 700, 18, 2022),
(9, 'SQL Interview Prep', 'Database', 'Farhan Ali', 500, 25, 2024),
(10, 'AI for Beginners', 'AI', 'Meera Singh', 650, 5, 2023);

SELECT * FROM books; #EX1
SELECT book_title, category, price FROM books; #EX2

SELECT DISTINCT category FROM books; #EX3

SELECT * FROM books 
WHERE category = 'Programming'; #EX4

SELECT * FROM books 
WHERE price>700; #EX5

SELECT * FROM books 
WHERE stock<15; #EX6

SELECT * FROM books
WHERE category IN ('Programming', 'Database', 'AI'); #EX7

SELECT * FROM books
WHERE price BETWEEN 500 AND 900; #EX8

select * from books 
where book_title like '%SQL%'; #EX9

select * from books 
where book_title like 'Data%'; #EX10

select * from books 
ORDER BY price DESC;#EX11

select * from books 
order by category ASC,price DESC;#EX12

SELECT COUNT(*) AS total_books FROM books; #EX13

select max(price) as highest_price from books; #EX14

select min(price) as lowest_price from books; #EX15

SELECT AVG(price) AS average_price FROM books;

SELECT SUM(stock) AS total_stock FROM books;

SELECT category, COUNT(*) AS book_count 
FROM books 
GROUP BY category;

SELECT category, AVG(price) AS average_price 
FROM books 
GROUP BY category;

SELECT category, SUM(stock) AS total_stock 
FROM books 
GROUP BY category;

SELECT category, COUNT(*) AS book_count 
FROM books 
GROUP BY category 
HAVING COUNT(*) > 1;

SELECT category, AVG(price) AS average_price 
FROM books 
GROUP BY category 
HAVING AVG(price) > 700;

# TABLE 2 AND 3 Departments and Employees

CREATE TABLE departments
(
 department_id INT PRIMARY KEY,
 department_name VARCHAR(50),
 location VARCHAR(50)
);

CREATE TABLE employees
(
 employee_id INT PRIMARY KEY,
 employee_name VARCHAR(50),
 department_id INT,
 salary DECIMAL(10,2),
 city VARCHAR(50),
 manager_id INT
);

INSERT INTO departments VALUES
(10, 'IT', 'Hyderabad'),
(20, 'HR', 'Bangalore'),
(30, 'Finance', 'Mumbai'),
(40, 'Sales', 'Delhi'),
(50, 'Marketing', NULL);

INSERT INTO employees VALUES
(101, 'Rahul Sharma', 10, 75000, 'Hyderabad', 201),
(102, 'Priya Reddy', 10, 85000, 'Bangalore', 201),
(103, 'Amit Kumar', 20, 55000, NULL, 202),
(104, 'Sneha Patel', 30, 65000, 'Mumbai', 203),
(105, 'Arjun Verma', NULL, 60000, 'Chennai', 204),
(106, 'Neha Singh', 60, 50000, 'Delhi', NULL),
(107, 'Farhan Ali', 40, NULL, 'Hyderabad', 205),
(108, 'Meera Nair', 10, 90000, 'Pune', 201);

SELECT e.employee_name, e.salary, d.department_name, d.location
FROM employees e
INNER JOIN departments d ON e.department_id = d.department_id;

SELECT e.*, d.department_name, d.location
FROM employees e
LEFT JOIN departments d ON e.department_id = d.department_id;

SELECT employee_name 
FROM employees 
WHERE department_id IS NULL;

SELECT d.*, e.employee_name, e.salary
FROM employees e
RIGHT JOIN departments d ON e.department_id = d.department_id;

SELECT d.department_name
FROM departments d
LEFT JOIN employees e ON d.department_id = e.department_id
WHERE e.employee_id IS NULL;

SELECT * FROM employees 
WHERE salary IS NULL;

SELECT * FROM employees 
WHERE city IS NULL;

SELECT * FROM departments 
WHERE location IS NULL;

SELECT d.department_name, COUNT(e.employee_id) AS employee_count
FROM departments d
LEFT JOIN employees e ON d.department_id = e.department_id
GROUP BY d.department_name;

SELECT d.department_name, AVG(e.salary) AS average_salary
FROM departments d
INNER JOIN employees e ON d.department_id = e.department_id
GROUP BY d.department_name;

SELECT d.department_name, COUNT(e.employee_id) AS employee_count
FROM departments d
INNER JOIN employees e ON d.department_id = e.department_id
GROUP BY d.department_name
HAVING COUNT(e.employee_id) > 2;

SELECT d.department_name, MAX(e.salary) AS highest_salary
FROM departments d
INNER JOIN employees e ON d.department_id = e.department_id
GROUP BY d.department_name;

#4. Table 4: Customers and Payments

CREATE TABLE customers_new
(
 customer_id INT PRIMARY KEY,
 customer_name VARCHAR(50),
 city VARCHAR(50),
 membership_type VARCHAR(30)
);

CREATE TABLE payments
(
 payment_id INT PRIMARY KEY,
 customer_id INT,
 amount DECIMAL(10,2),
 payment_mode VARCHAR(30),
 payment_status VARCHAR(30)
);

INSERT INTO customers_new VALUES
(1, 'Ramesh Gupta', 'Hyderabad', 'Gold'),
(2, 'Sana Khan', 'Bangalore', 'Silver'),
(3, 'John Mathew', 'Mumbai', 'Gold'),
(4, 'Ayesha Begum', 'Chennai', 'Bronze'),
(5, 'Vikram Rao', 'Delhi', 'Silver'),
(6, 'Divya Sharma', 'Pune', NULL);

INSERT INTO payments VALUES
(1001, 1, 15000, 'UPI', 'Success'),
(1002, 1, 8000, 'Card', 'Success'),
(1003, 2, 5000, 'Cash', 'Pending'),
(1004, 3, 22000, 'UPI', 'Success'),
(1005, 7, 12000, 'Card', 'Failed'),
(1006, NULL, 3000, 'Cash', 'Pending'),
(1007, 4, NULL, 'UPI', 'Success'),
(1008, 5, 7000, NULL, 'Success');

SELECT * FROM customers_new
WHERE customer_id IN (SELECT DISTINCT customer_id FROM payments);

SELECT * FROM customers_new
WHERE customer_id NOT IN (
    SELECT DISTINCT customer_id 
    FROM payments 
    WHERE customer_id IS NOT NULL
);

SELECT * FROM payments
WHERE amount > (SELECT AVG(amount) FROM payments);

SELECT * FROM customers_new
WHERE customer_id = (
    SELECT customer_id 
    FROM payments 
    WHERE amount = (SELECT MAX(amount) FROM payments)
);

SELECT * FROM customers_new
WHERE membership_type = 'Gold'
AND customer_id IN (SELECT DISTINCT customer_id FROM payments);

SELECT * FROM customers_new
WHERE customer_id IN (
    SELECT customer_id 
    FROM payments 
    GROUP BY customer_id 
    HAVING SUM(amount) > 10000
);

SELECT payment_id 
FROM payments
WHERE customer_id NOT IN (SELECT customer_id FROM customers_new)
   OR customer_id IS NULL;

SELECT * FROM customers_new c
WHERE EXISTS (
    SELECT 1 FROM payments p 
    WHERE p.customer_id = c.customer_id
);

SELECT * FROM customers_new c
WHERE NOT EXISTS (
    SELECT 1 FROM payments p 
    WHERE p.customer_id = c.customer_id
);

SELECT * FROM customers_new
WHERE customer_id IN (
    SELECT customer_id 
    FROM payments 
    WHERE amount > ALL (
        SELECT amount 
        FROM payments 
        WHERE customer_id = 2 AND amount IS NOT NULL
    )
);







